timestamp,datetime,type,side,proxyWallet,conditionId,asset,outcomeIndex,outcome,size,usdcSize,price,transactionHash,title,slug,eventSlug,icon,name,pseudonym,bio,profileImage,profileImageOptimized
1767585249,2026-01-05 03:54:09,TRADE,BUY,0x961afce6bd9aec79c5cf09d2d4dac2b434b23361,0xc54610041344c1e4a00bb3429af5a9873209182fd1218e1a938e9d62767dc128,10411322499016272300893737282526792431050610777619108255497771341596326312386,1,Down,50,30,0.6,0x9664985a963f10b2332d9ea0649dc4d3238e8d752772398ec54cec63189fa2de,"XRP Up or Down - January 4, 10PM ET",xrp-up-or-down-january-4-10pm-et,xrp-up-or-down-january-4-10pm-et,https://polymarket-upload.s3.us-east-2.amazonaws.com/XRP-logo.png,CRYINGLITTLEBABY,Brave-Crane,,,
1767585247,2026-01-05 03:54:07,TRADE,BUY,0x961afce6bd9aec79c5cf09d2d4dac2b434b23361,0xc54610041344c1e4a00bb3429af5a9873209182fd1218e1a938e9d62767dc128,107831660132333199370894474229198522849833528914375617999862920619011021738635,0,Up,7,2.31,0.33,0x8411b47a4faeaad5bb866f5794b5fafd28841ae0d3aea4b9ff2fc80634b2d860,"XRP Up or Down - January 4, 10PM ET",xrp-up-or-down-january-4-10pm-et,xrp-up-or-down-january-4-10pm-et,https://polymarket-upload.s3.us-east-2.amazonaws.com/XRP-logo.png,CRYINGLITTLEBABY,Brave-Crane,,,
1767585233,2026-01-05 03:53:53,TRADE,BUY,0x961afce6bd9aec79c5cf09d2d4dac2b434b23361,0xc54610041344c1e4a00bb3429af5a9873209182fd1218e1a938e9d62767dc128,107831660132333199370894474229198522849833528914375617999862920619011021738635,0,Up,50,17,0.34,0xac746cd508c54cf4466a9d38f54405a0f835d367dd80e97ea1173e752ee8b565,"XRP Up or Down - January 4, 10PM ET",xrp-up-or-down-january-4-10pm-et,xrp-up-or-down-january-4-10pm-et,https://polymarket-upload.s3.us-east-2.amazonaws.com/XRP-logo.png,CRYINGLITTLEBABY,Brave-Crane,,,
1767585229,2026-01-05 03:53:49,TRADE,BUY,0x961afce6bd9aec79c5cf09d2d4dac2b434b23361,0xc54610041344c1e4a00bb3429af5a9873209182fd1218e1a938e9d62767dc128,107831660132333199370894474229198522849833528914375617999862920619011021738635,0,Up,1.53846,0.538461,0.35,0x99e2abd87e353563d1ddf301d570a2a8d36a72f22bd6a7d624afffb175c77ef9,"XRP Up or Down - January 4, 10PM ET",xrp-up-or-down-january-4-10pm-et,xrp-up-or-down-january-4-10pm-et,https://polymarket-upload.s3.us-east-2.amazonaws.com/XRP-logo.png,CRYINGLITTLEBABY,Brave-Crane,,,
1767585217,2026-01-05 03:53:37,TRADE,BUY,0x961afce6bd9aec79c5cf09d2d4dac2b434b23361,0xc54610041344c1e4a00bb3429af5a9873209182fd1218e1a938e9d62767dc128,107831660132333199370894474229198522849833528914375617999862920619011021738635,0,Up,7.04,2.0416,0.29,0xb3d0c7872182720310e329c0583985fb82f1985a0eee45493fbaf26a466b0a6f,"XRP Up or Down - January 4, 10PM ET",xrp-up-or-down-january-4-10pm-et,xrp-up-or-down-january-4-10pm-et,https://polymarket-upload.s3.us-east-2.amazonaws.com/XRP-logo.png,CRYINGLITTLEBABY,Brave-Crane,,,
1767585195,2026-01-05 03:53:15,TRADE,BUY,0x961afce6bd9aec79c5cf09d2d4dac2b434b23361,0xc54610041344c1e4a00bb3429af5a9873209182fd1218e1a938e9d62767dc128,107831660132333199370894474229198522849833528914375617999862920619011021738635,0,Up,0.323528,0.103529,0.32000012363690317,0xb4562c12747bffe3046bda5f4801468cc125f13d07e6b6f24d978fe7ff71a6a4,"XRP Up or Down - January 4, 10PM ET",xrp-up-or-down-january-4-10pm-et,xrp-up-or-down-january-4-10pm-et,https://polymarket-upload.s3.us-east-2.amazonaws.com/XRP-logo.png,CRYINGLITTLEBABY,Brave-Crane,,,
1767585187,2026-01-05 03:53:07,TRADE,BUY,0x961afce6bd9aec79c5cf09d2d4dac2b434b23361,0xc54610041344c1e4a00bb3429af5a9873209182fd1218e1a938e9d62767dc128,107831660132333199370894474229198522849833528914375617999862920619011021738635,0,Up,1.5873,0.587301,0.37,0x2ceb4a65c75b88c4b176709cf30b2da0898a3ffa728692d1c180f5a04fc77d45,"XRP Up or Down - January 4, 10PM ET",xrp-up-or-down-january-4-10pm-et,xrp-up-or-down-january-4-10pm-et,https://polymarket-upload.s3.us-east-2.amazonaws.com/XRP-logo.png,CRYINGLITTLEBABY,Brave-Crane,,,
1767585185,2026-01-05 03:53:05,TRADE,BUY,0x961afce6bd9aec79c5cf09d2d4dac2b434b23361,0xc54610041344c1e4a00bb3429af5a9873209182fd1218e1a938e9d62767dc128,107831660132333199370894474229198522849833528914375617999862920619011021738635,0,Up,1.694914,0.694915,0.41000015340011353,0x2cc081d02de18326c0622096f8074c0ca1a10fb198bb990611f3a80ea1f78aa9,"XRP Up or Down - January 4, 10PM ET",xrp-up-or-down-january-4-10pm-et,xrp-up-or-down-january-4-10pm-et,https://polymarket-upload.s3.us-east-2.amazonaws.com/XRP-logo.png,CRYINGLITTLEBABY,Brave-Crane,,,
1767585185,2026-01-05 03:53:05,TRADE,BUY,0x961afce6bd9aec79c5cf09d2d4dac2b434b23361,0xc54610041344c1e4a00bb3429af5a9873209182fd1218e1a938e9d62767dc128,107831660132333199370894474229198522849833528914375617999862920619011021738635,0,Up,50,20,0.4,0x7b4d931f3011fb9cbb050535650624c13c75452a5f56df1b716e4943cd6fbf32,"XRP Up or Down - January 4, 10PM ET",xrp-up-or-down-january-4-10pm-et,xrp-up-or-down-january-4-10pm-et,https://polymarket-upload.s3.us-east-2.amazonaws.com/XRP-logo.png,CRYINGLITTLEBABY,Brave-Crane,,,
1767585171,2026-01-05 03:52:51,TRADE,BUY,0x961afce6bd9aec79c5cf09d2d4dac2b434b23361,0xc54610041344c1e4a00bb3429af5a9873209182fd1218e1a938e9d62767dc128,107831660132333199370894474229198522849833528914375617999862920619011021738635,0,Up,4.96296,2.282962,0.46000008059706304,0xf26a2053d5a560ab86607b3eee81b6d268cb6b1fde67315230d642b4719b1af9,"XRP Up or Down - January 4, 10PM ET",xrp-up-or-down-january-4-10pm-et,xrp-up-or-down-january-4-10pm-et,https://polymarket-upload.s3.us-east-2.amazonaws.com/XRP-logo.png,CRYINGLITTLEBABY,Brave-Crane,,,
1767585151,2026-01-05 03:52:31,TRADE,BUY,0x961afce6bd9aec79c5cf09d2d4dac2b434b23361,0xc54610041344c1e4a00bb3429af5a9873209182fd1218e1a938e9d62767dc128,107831660132333199370894474229198522849833528914375617999862920619011021738635,0,Up,9,3.96,0.44,0xc40262aa3401c776e2b1c2d5af20744bc8c6ae6e77588f07fe45566e6640a33a,"XRP Up or Down - January 4, 10PM ET",xrp-up-or-down-january-4-10pm-et,xrp-up-or-down-january-4-10pm-et,https://polymarket-upload.s3.us-east-2.amazonaws.com/XRP-logo.png,CRYINGLITTLEBABY,Brave-Crane,,,
1767585149,2026-01-05 03:52:29,TRADE,BUY,0x961afce6bd9aec79c5cf09d2d4dac2b434b23361,0xc54610041344c1e4a00bb3429af5a9873209182fd1218e1a938e9d62767dc128,10411322499016272300893737282526792431050610777619108255497771341596326312386,1,Down,1.44,0.7344,0.51,0x2a52fa945640a8d959b0a7afff7518f0ba6e6327ed5b8283e6cbffd71d7e058d,"XRP Up or Down - January 4, 10PM ET",xrp-up-or-down-january-4-10pm-et,xrp-up-or-down-january-4-10pm-et,https://polymarket-upload.s3.us-east-2.amazonaws.com/XRP-logo.png,CRYINGLITTLEBABY,Brave-Crane,,,
1767585073,2026-01-05 03:51:13,TRADE,BUY,0x961afce6bd9aec79c5cf09d2d4dac2b434b23361,0xc54610041344c1e4a00bb3429af5a9873209182fd1218e1a938e9d62767dc128,10411322499016272300893737282526792431050610777619108255497771341596326312386,1,Down,6.785713,3.935714,0.5800000677894865,0x7c7ee656d40ca7f01ea665e8aa997bb4cb5f08225a5a1c64e42a727dea188fe2,"XRP Up or Down - January 4, 10PM ET",xrp-up-or-down-january-4-10pm-et,xrp-up-or-down-january-4-10pm-et,https://polymarket-upload.s3.us-east-2.amazonaws.com/XRP-logo.png,CRYINGLITTLEBABY,Brave-Crane,,,
1767585073,2026-01-05 03:51:13,TRADE,BUY,0x961afce6bd9aec79c5cf09d2d4dac2b434b23361,0xc54610041344c1e4a00bb3429af5a9873209182fd1218e1a938e9d62767dc128,10411322499016272300893737282526792431050610777619108255497771341596326312386,1,Down,6.642856,3.852857,0.5800000782795833,0x76b01524412e041e6ebf5bed3177574e5c9878b9098e3b63ac7c61c8b885d80d,"XRP Up or Down - January 4, 10PM ET",xrp-up-or-down-january-4-10pm-et,xrp-up-or-down-january-4-10pm-et,https://polymarket-upload.s3.us-east-2.amazonaws.com/XRP-logo.png,CRYINGLITTLEBABY,Brave-Crane,,,
1767585059,2026-01-05 03:50:59,TRADE,BUY,0x961afce6bd9aec79c5cf09d2d4dac2b434b23361,0xc54610041344c1e4a00bb3429af5a9873209182fd1218e1a938e9d62767dc128,107831660132333199370894474229198522849833528914375617999862920619011021738635,0,Up,14,5.32,0.38,0x64d36cf6f69929e8161afae5127e90040c65f5d682829b83d3d67e81ecf8f4e1,"XRP Up or Down - January 4, 10PM ET",xrp-up-or-down-january-4-10pm-et,xrp-up-or-down-january-4-10pm-et,https://polymarket-upload.s3.us-east-2.amazonaws.com/XRP-logo.png,CRYINGLITTLEBABY,Brave-Crane,,,
1767585047,2026-01-05 03:50:47,TRADE,BUY,0x961afce6bd9aec79c5cf09d2d4dac2b434b23361,0xc54610041344c1e4a00bb3429af5a9873209182fd1218e1a938e9d62767dc128,107831660132333199370894474229198522849833528914375617999862920619011021738635,0,Up,1.470587,0.470588,0.3200001088000914,0x8baefc227276c3dfdf6be1558448afc94c215febe2048da2497b329ca2f7ab46,"XRP Up or Down - January 4, 10PM ET",xrp-up-or-down-january-4-10pm-et,xrp-up-or-down-january-4-10pm-et,https://polymarket-upload.s3.us-east-2.amazonaws.com/XRP-logo.png,CRYINGLITTLEBABY,Brave-Crane,,,
1767585017,2026-01-05 03:50:17,TRADE,BUY,0x961afce6bd9aec79c5cf09d2d4dac2b434b23361,0xc54610041344c1e4a00bb3429af5a9873209182fd1218e1a938e9d62767dc128,10411322499016272300893737282526792431050610777619108255497771341596326312386,1,Down,1.29,0.8127,0.63,0x61ca098b61d15a0b0be9d6e69847851f5fae647b07753a6a717fd755e7673ab9,"XRP Up or Down - January 4, 10PM ET",xrp-up-or-down-january-4-10pm-et,xrp-up-or-down-january-4-10pm-et,https://polymarket-upload.s3.us-east-2.amazonaws.com/XRP-logo.png,CRYINGLITTLEBABY,Brave-Crane,,,
1767585011,2026-01-05 03:50:11,TRADE,BUY,0x961afce6bd9aec79c5cf09d2d4dac2b434b23361,0xc54610041344c1e4a00bb3429af5a9873209182fd1218e1a938e9d62767dc128,107831660132333199370894474229198522849833528914375617999862920619011021738635,0,Up,18.49,5.7319,0.31,0xa37d77461cabf1cfe760502e6e926069a038b2bd41bb191448ace07214c92ae8,"XRP Up or Down - January 4, 10PM ET",xrp-up-or-down-january-4-10pm-et,xrp-up-or-down-january-4-10pm-et,https://polymarket-upload.s3.us-east-2.amazonaws.com/XRP-logo.png,CRYINGLITTLEBABY,Brave-Crane,,,
1767584987,2026-01-05 03:49:47,TRADE,BUY,0x961afce6bd9aec79c5cf09d2d4dac2b434b23361,0xc54610041344c1e4a00bb3429af5a9873209182fd1218e1a938e9d62767dc128,107831660132333199370894474229198522849833528914375617999862920619011021738635,0,Up,1.2987,0.298701,0.23,0xf5cf2cacfe972485c0528b8cc9eded5d2fc019f11a31e3df57ec3b4249972db0,"XRP Up or Down - January 4, 10PM ET",xrp-up-or-down-january-4-10pm-et,xrp-up-or-down-january-4-10pm-et,https://polymarket-upload.s3.us-east-2.amazonaws.com/XRP-logo.png,CRYINGLITTLEBABY,Brave-Crane,,,
1767584935,2026-01-05 03:48:55,TRADE,BUY,0x961afce6bd9aec79c5cf09d2d4dac2b434b23361,0xc54610041344c1e4a00bb3429af5a9873209182fd1218e1a938e9d62767dc128,107831660132333199370894474229198522849833528914375617999862920619011021738635,0,Up,11.78,3.534,0.3,0x5f257f77274f32d27a2ff85a6f4c0c2ef693f0f7e6dfcb6f1e13847c8e78d4e8,"XRP Up or Down - January 4, 10PM ET",xrp-up-or-down-january-4-10pm-et,xrp-up-or-down-january-4-10pm-et,https://polymarket-upload.s3.us-east-2.amazonaws.com/XRP-logo.png,CRYINGLITTLEBABY,Brave-Crane,,,
1767584925,2026-01-05 03:48:45,TRADE,BUY,0x961afce6bd9aec79c5cf09d2d4dac2b434b23361,0xc54610041344c1e4a00bb3429af5a9873209182fd1218e1a938e9d62767dc128,10411322499016272300893737282526792431050610777619108255497771341596326312386,1,Down,2.970587,1.960588,0.6600001952476059,0xf292692bb4910fa5263ccfb654ac7073b26248652f3cce0a753d4dd8201f774e,"XRP Up or Down - January 4, 10PM ET",xrp-up-or-down-january-4-10pm-et,xrp-up-or-down-january-4-10pm-et,https://polymarket-upload.s3.us-east-2.amazonaws.com/XRP-logo.png,CRYINGLITTLEBABY,Brave-Crane,,,
1767584909,2026-01-05 03:48:29,TRADE,BUY,0x961afce6bd9aec79c5cf09d2d4dac2b434b23361,0xc54610041344c1e4a00bb3429af5a9873209182fd1218e1a938e9d62767dc128,10411322499016272300893737282526792431050610777619108255497771341596326312386,1,Down,9.166665,5.866666,0.6400000436363715,0xc756e29567c30ed10ca8c3296b1056ecf68168ccf0983adef54739d7400c12f8,"XRP Up or Down - January 4, 10PM ET",xrp-up-or-down-january-4-10pm-et,xrp-up-or-down-january-4-10pm-et,https://polymarket-upload.s3.us-east-2.amazonaws.com/XRP-logo.png,CRYINGLITTLEBABY,Brave-Crane,,,
1767584903,2026-01-05 03:48:23,TRADE,BUY,0x961afce6bd9aec79c5cf09d2d4dac2b434b23361,0xc54610041344c1e4a00bb3429af5a9873209182fd1218e1a938e9d62767dc128,10411322499016272300893737282526792431050610777619108255497771341596326312386,1,Down,24.166665,15.466666,0.6400000165517252,0x6562221e4e26b58ba859ff55c1466ee38f0ebb8d3f486ac04dfd68973f9e8466,"XRP Up or Down - January 4, 10PM ET",xrp-up-or-down-january-4-10pm-et,xrp-up-or-down-january-4-10pm-et,https://polymarket-upload.s3.us-east-2.amazonaws.com/XRP-logo.png,CRYINGLITTLEBABY,Brave-Crane,,,
1767584869,2026-01-05 03:47:49,TRADE,BUY,0x961afce6bd9aec79c5cf09d2d4dac2b434b23361,0xc54610041344c1e4a00bb3429af5a9873209182fd1218e1a938e9d62767dc128,107831660132333199370894474229198522849833528914375617999862920619011021738635,0,Up,16.78,5.3696,0.32,0x34d3178579c898d8823244d7a45fe25f84ed329782c8aa6e327a57f2ae933d43,"XRP Up or Down - January 4, 10PM ET",xrp-up-or-down-january-4-10pm-et,xrp-up-or-down-january-4-10pm-et,https://polymarket-upload.s3.us-east-2.amazonaws.com/XRP-logo.png,CRYINGLITTLEBABY,Brave-Crane,,,
1767584863,2026-01-05 03:47:43,TRADE,BUY,0x961afce6bd9aec79c5cf09d2d4dac2b434b23361,0xc54610041344c1e4a00bb3429af5a9873209182fd1218e1a938e9d62767dc128,107831660132333199370894474229198522849833528914375617999862920619011021738635,0,Up,15,3.9,0.26,0x6d3389ed96b0a52d960025a5a608d3f727d3d605c1648f8fa8cda2962939b5d3,"XRP Up or Down - January 4, 10PM ET",xrp-up-or-down-january-4-10pm-et,xrp-up-or-down-january-4-10pm-et,https://polymarket-upload.s3.us-east-2.amazonaws.com/XRP-logo.png,CRYINGLITTLEBABY,Brave-Crane,,,
1767584859,2026-01-05 03:47:39,TRADE,BUY,0x961afce6bd9aec79c5cf09d2d4dac2b434b23361,0xc54610041344c1e4a00bb3429af5a9873209182fd1218e1a938e9d62767dc128,107831660132333199370894474229198522849833528914375617999862920619011021738635,0,Up,21.670885,4.550886,0.21000000692172932,0x1cc7790d03ced2e995c306fd0ea212993061f0cc9ef5d526f0486dc200544126,"XRP Up or Down - January 4, 10PM ET",xrp-up-or-down-january-4-10pm-et,xrp-up-or-down-january-4-10pm-et,https://polymarket-upload.s3.us-east-2.amazonaws.com/XRP-logo.png,CRYINGLITTLEBABY,Brave-Crane,,,
1767584829,2026-01-05 03:47:09,TRADE,BUY,0x961afce6bd9aec79c5cf09d2d4dac2b434b23361,0xc54610041344c1e4a00bb3429af5a9873209182fd1218e1a938e9d62767dc128,107831660132333199370894474229198522849833528914375617999862920619011021738635,0,Up,50,13,0.26,0x6e2ee0d0d942fc44c96008dba463f69dd4ea1f2b4c21f96abb8987c6121ff24a,"XRP Up or Down - January 4, 10PM ET",xrp-up-or-down-january-4-10pm-et,xrp-up-or-down-january-4-10pm-et,https://polymarket-upload.s3.us-east-2.amazonaws.com/XRP-logo.png,CRYINGLITTLEBABY,Brave-Crane,,,
1767584803,2026-01-05 03:46:43,TRADE,BUY,0x961afce6bd9aec79c5cf09d2d4dac2b434b23361,0xc54610041344c1e4a00bb3429af5a9873209182fd1218e1a938e9d62767dc128,107831660132333199370894474229198522849833528914375617999862920619011021738635,0,Up,50,12,0.24,0x3b0f079d41f7c69d5345749cc8f7f08b799a00e5bf111cd6b71d74f93003cda1,"XRP Up or Down - January 4, 10PM ET",xrp-up-or-down-january-4-10pm-et,xrp-up-or-down-january-4-10pm-et,https://polymarket-upload.s3.us-east-2.amazonaws.com/XRP-logo.png,CRYINGLITTLEBABY,Brave-Crane,,,
1767584793,2026-01-05 03:46:33,TRADE,BUY,0x961afce6bd9aec79c5cf09d2d4dac2b434b23361,0xc54610041344c1e4a00bb3429af5a9873209182fd1218e1a938e9d62767dc128,107831660132333199370894474229198522849833528914375617999862920619011021738635,0,Up,100,33,0.33,0xd06922a1ab27a8369327ecd944b8fee548ab47823eb4229d564d6b95e7010ba8,"XRP Up or Down - January 4, 10PM ET",xrp-up-or-down-january-4-10pm-et,xrp-up-or-down-january-4-10pm-et,https://polymarket-upload.s3.us-east-2.amazonaws.com/XRP-logo.png,CRYINGLITTLEBABY,Brave-Crane,,,
1767584791,2026-01-05 03:46:31,TRADE,BUY,0x961afce6bd9aec79c5cf09d2d4dac2b434b23361,0xc54610041344c1e4a00bb3429af5a9873209182fd1218e1a938e9d62767dc128,107831660132333199370894474229198522849833528914375617999862920619011021738635,0,Up,37.97,9.8722,0.26,0x5b728a5f5b2b2766a405294e4546fb32525915a68b87a2db5db36e57d9901b2b,"XRP Up or Down - January 4, 10PM ET",xrp-up-or-down-january-4-10pm-et,xrp-up-or-down-january-4-10pm-et,https://polymarket-upload.s3.us-east-2.amazonaws.com/XRP-logo.png,CRYINGLITTLEBABY,Brave-Crane,,,
1767584701,2026-01-05 03:45:01,TRADE,BUY,0x961afce6bd9aec79c5cf09d2d4dac2b434b23361,0xc54610041344c1e4a00bb3429af5a9873209182fd1218e1a938e9d62767dc128,107831660132333199370894474229198522849833528914375617999862920619011021738635,0,Up,50,14,0.28,0xd0105817fe04b22132b5b9871efc8d41fde66a59153173aa7f3170232cdc5d97,"XRP Up or Down - January 4, 10PM ET",xrp-up-or-down-january-4-10pm-et,xrp-up-or-down-january-4-10pm-et,https://polymarket-upload.s3.us-east-2.amazonaws.com/XRP-logo.png,CRYINGLITTLEBABY,Brave-Crane,,,
1767584681,2026-01-05 03:44:41,TRADE,BUY,0x961afce6bd9aec79c5cf09d2d4dac2b434b23361,0xc54610041344c1e4a00bb3429af5a9873209182fd1218e1a938e9d62767dc128,107831660132333199370894474229198522849833528914375617999862920619011021738635,0,Up,2.941175,0.941176,0.32,0xff415211975f9d9b9f453c6443b1a302a462e7edbb63dc883fdb5f1b578ed2c3,"XRP Up or Down - January 4, 10PM ET",xrp-up-or-down-january-4-10pm-et,xrp-up-or-down-january-4-10pm-et,https://polymarket-upload.s3.us-east-2.amazonaws.com/XRP-logo.png,CRYINGLITTLEBABY,Brave-Crane,,,
1767584677,2026-01-05 03:44:37,TRADE,BUY,0x961afce6bd9aec79c5cf09d2d4dac2b434b23361,0xc54610041344c1e4a00bb3429af5a9873209182fd1218e1a938e9d62767dc128,107831660132333199370894474229198522849833528914375617999862920619011021738635,0,Up,50,16.5,0.33,0x9c8eb9881b012fa8cce32021d0983ac67d86e04bfeab1262ff6500030b012c5b,"XRP Up or Down - January 4, 10PM ET",xrp-up-or-down-january-4-10pm-et,xrp-up-or-down-january-4-10pm-et,https://polymarket-upload.s3.us-east-2.amazonaws.com/XRP-logo.png,CRYINGLITTLEBABY,Brave-Crane,,,
1767584677,2026-01-05 03:44:37,TRADE,BUY,0x961afce6bd9aec79c5cf09d2d4dac2b434b23361,0xc54610041344c1e4a00bb3429af5a9873209182fd1218e1a938e9d62767dc128,107831660132333199370894474229198522849833528914375617999862920619011021738635,0,Up,100,33,0.33,0x20c03a06d6080f7ba495e047aa0011d8547ca05ac8896feac66ccda92bfb0c41,"XRP Up or Down - January 4, 10PM ET",xrp-up-or-down-january-4-10pm-et,xrp-up-or-down-january-4-10pm-et,https://polymarket-upload.s3.us-east-2.amazonaws.com/XRP-logo.png,CRYINGLITTLEBABY,Brave-Crane,,,
1767584673,2026-01-05 03:44:33,TRADE,BUY,0x961afce6bd9aec79c5cf09d2d4dac2b434b23361,0xc54610041344c1e4a00bb3429af5a9873209182fd1218e1a938e9d62767dc128,107831660132333199370894474229198522849833528914375617999862920619011021738635,0,Up,24,8.4,0.35,0x474d94e5107157a2ec95e6203ad97fb235b8649afe6a2b07dc47f30d34cffc15,"XRP Up or Down - January 4, 10PM ET",xrp-up-or-down-january-4-10pm-et,xrp-up-or-down-january-4-10pm-et,https://polymarket-upload.s3.us-east-2.amazonaws.com/XRP-logo.png,CRYINGLITTLEBABY,Brave-Crane,,,
1767584669,2026-01-05 03:44:29,TRADE,BUY,0x961afce6bd9aec79c5cf09d2d4dac2b434b23361,0xc54610041344c1e4a00bb3429af5a9873209182fd1218e1a938e9d62767dc128,107831660132333199370894474229198522849833528914375617999862920619011021738635,0,Up,26,9.1,0.35,0x3a101b95484c2106d28ccfa59a1aabf52dcf41d813c019eb8e191e10cef7cd5e,"XRP Up or Down - January 4, 10PM ET",xrp-up-or-down-january-4-10pm-et,xrp-up-or-down-january-4-10pm-et,https://polymarket-upload.s3.us-east-2.amazonaws.com/XRP-logo.png,CRYINGLITTLEBABY,Brave-Crane,,,
1767584667,2026-01-05 03:44:27,TRADE,BUY,0x961afce6bd9aec79c5cf09d2d4dac2b434b23361,0xc54610041344c1e4a00bb3429af5a9873209182fd1218e1a938e9d62767dc128,107831660132333199370894474229198522849833528914375617999862920619011021738635,0,Up,48.06,16.3404,0.34,0x75c961abb7d675804285c494bd69243b4b069a2fdecfed43c6a85b8b499b96b5,"XRP Up or Down - January 4, 10PM ET",xrp-up-or-down-january-4-10pm-et,xrp-up-or-down-january-4-10pm-et,https://polymarket-upload.s3.us-east-2.amazonaws.com/XRP-logo.png,CRYINGLITTLEBABY,Brave-Crane,,,
1767584667,2026-01-05 03:44:27,TRADE,BUY,0x961afce6bd9aec79c5cf09d2d4dac2b434b23361,0xc54610041344c1e4a00bb3429af5a9873209182fd1218e1a938e9d62767dc128,107831660132333199370894474229198522849833528914375617999862920619011021738635,0,Up,50.94,17.3196,0.34,0xab85358527490d18b3365b47a64e88a3bca8090282e2d386558db4aa8e59fb45,"XRP Up or Down - January 4, 10PM ET",xrp-up-or-down-january-4-10pm-et,xrp-up-or-down-january-4-10pm-et,https://polymarket-upload.s3.us-east-2.amazonaws.com/XRP-logo.png,CRYINGLITTLEBABY,Brave-Crane,,,
1767584659,2026-01-05 03:44:19,TRADE,BUY,0x961afce6bd9aec79c5cf09d2d4dac2b434b23361,0xc54610041344c1e4a00bb3429af5a9873209182fd1218e1a938e9d62767dc128,107831660132333199370894474229198522849833528914375617999862920619011021738635,0,Up,1.94,0.6596,0.34,0x38126e770a901c9284e5cd5170408a08a20519afdd4b8894d9e91ba3c12c3c44,"XRP Up or Down - January 4, 10PM ET",xrp-up-or-down-january-4-10pm-et,xrp-up-or-down-january-4-10pm-et,https://polymarket-upload.s3.us-east-2.amazonaws.com/XRP-logo.png,CRYINGLITTLEBABY,Brave-Crane,,,
1767584565,2026-01-05 03:42:45,TRADE,BUY,0x961afce6bd9aec79c5cf09d2d4dac2b434b23361,0xc54610041344c1e4a00bb3429af5a9873209182fd1218e1a938e9d62767dc128,107831660132333199370894474229198522849833528914375617999862920619011021738635,0,Up,50,18.5,0.37,0xe94c231b1feaf8294c147d69cf46eec1723a8da988bc7acd6291236e347de756,"XRP Up or Down - January 4, 10PM ET",xrp-up-or-down-january-4-10pm-et,xrp-up-or-down-january-4-10pm-et,https://polymarket-upload.s3.us-east-2.amazonaws.com/XRP-logo.png,CRYINGLITTLEBABY,Brave-Crane,,,
1767584563,2026-01-05 03:42:43,TRADE,BUY,0x961afce6bd9aec79c5cf09d2d4dac2b434b23361,0xc54610041344c1e4a00bb3429af5a9873209182fd1218e1a938e9d62767dc128,107831660132333199370894474229198522849833528914375617999862920619011021738635,0,Up,50,19.5,0.39,0x7ae8d013e91600fe0c60dda813f43ecf3544f5bdc8dc8566b13860d7d19a8274,"XRP Up or Down - January 4, 10PM ET",xrp-up-or-down-january-4-10pm-et,xrp-up-or-down-january-4-10pm-et,https://polymarket-upload.s3.us-east-2.amazonaws.com/XRP-logo.png,CRYINGLITTLEBABY,Brave-Crane,,,
1767584555,2026-01-05 03:42:35,TRADE,BUY,0x961afce6bd9aec79c5cf09d2d4dac2b434b23361,0xc54610041344c1e4a00bb3429af5a9873209182fd1218e1a938e9d62767dc128,107831660132333199370894474229198522849833528914375617999862920619011021738635,0,Up,50,22,0.44,0xce2deadccbe4242cf489bdc5bff93da6ec2cdea6ec81f0d5f6df922b4fd6ccf4,"XRP Up or Down - January 4, 10PM ET",xrp-up-or-down-january-4-10pm-et,xrp-up-or-down-january-4-10pm-et,https://polymarket-upload.s3.us-east-2.amazonaws.com/XRP-logo.png,CRYINGLITTLEBABY,Brave-Crane,,,
1767584553,2026-01-05 03:42:33,TRADE,BUY,0x961afce6bd9aec79c5cf09d2d4dac2b434b23361,0xc54610041344c1e4a00bb3429af5a9873209182fd1218e1a938e9d62767dc128,107831660132333199370894474229198522849833528914375617999862920619011021738635,0,Up,26,11.7,0.45,0x790f077c6fa9e7cebf4a3dc10842f3d896c978a638e69c53ffaa53b057681b88,"XRP Up or Down - January 4, 10PM ET",xrp-up-or-down-january-4-10pm-et,xrp-up-or-down-january-4-10pm-et,https://polymarket-upload.s3.us-east-2.amazonaws.com/XRP-logo.png,CRYINGLITTLEBABY,Brave-Crane,,,
1767584553,2026-01-05 03:42:33,TRADE,BUY,0x961afce6bd9aec79c5cf09d2d4dac2b434b23361,0xc54610041344c1e4a00bb3429af5a9873209182fd1218e1a938e9d62767dc128,107831660132333199370894474229198522849833528914375617999862920619011021738635,0,Up,24,10.8,0.45,0x309f9ad28a340a1c0f3e779d2cdf0afa43b2feb9c3fcb3be5fba54d91565ec62,"XRP Up or Down - January 4, 10PM ET",xrp-up-or-down-january-4-10pm-et,xrp-up-or-down-january-4-10pm-et,https://polymarket-upload.s3.us-east-2.amazonaws.com/XRP-logo.png,CRYINGLITTLEBABY,Brave-Crane,,,
1767584551,2026-01-05 03:42:31,TRADE,BUY,0x961afce6bd9aec79c5cf09d2d4dac2b434b23361,0xc54610041344c1e4a00bb3429af5a9873209182fd1218e1a938e9d62767dc128,107831660132333199370894474229198522849833528914375617999862920619011021738635,0,Up,50,23,0.46,0x54523265a498fe30c6c26cfb0bbf6bdee88d9a2ab7f7886e003f924546de6450,"XRP Up or Down - January 4, 10PM ET",xrp-up-or-down-january-4-10pm-et,xrp-up-or-down-january-4-10pm-et,https://polymarket-upload.s3.us-east-2.amazonaws.com/XRP-logo.png,CRYINGLITTLEBABY,Brave-Crane,,,
1767584539,2026-01-05 03:42:19,TRADE,BUY,0x961afce6bd9aec79c5cf09d2d4dac2b434b23361,0xc54610041344c1e4a00bb3429af5a9873209182fd1218e1a938e9d62767dc128,107831660132333199370894474229198522849833528914375617999862920619011021738635,0,Up,50,26,0.52,0xa0b92e9b37bfed60cc32638ebc3f603b42c95b47707cdcdc2dcba5c6f54f0eae,"XRP Up or Down - January 4, 10PM ET",xrp-up-or-down-january-4-10pm-et,xrp-up-or-down-january-4-10pm-et,https://polymarket-upload.s3.us-east-2.amazonaws.com/XRP-logo.png,CRYINGLITTLEBABY,Brave-Crane,,,
1767584517,2026-01-05 03:41:57,TRADE,BUY,0x961afce6bd9aec79c5cf09d2d4dac2b434b23361,0xc54610041344c1e4a00bb3429af5a9873209182fd1218e1a938e9d62767dc128,107831660132333199370894474229198522849833528914375617999862920619011021738635,0,Up,4.95,2.7225,0.55,0x314385e40922dd42a5ad8ad3a749a0186b3999a145e5d630a86ac45ff21969b7,"XRP Up or Down - January 4, 10PM ET",xrp-up-or-down-january-4-10pm-et,xrp-up-or-down-january-4-10pm-et,https://polymarket-upload.s3.us-east-2.amazonaws.com/XRP-logo.png,CRYINGLITTLEBABY,Brave-Crane,,,
1767584517,2026-01-05 03:41:57,TRADE,BUY,0x961afce6bd9aec79c5cf09d2d4dac2b434b23361,0xc54610041344c1e4a00bb3429af5a9873209182fd1218e1a938e9d62767dc128,107831660132333199370894474229198522849833528914375617999862920619011021738635,0,Up,50,26.5,0.53,0x361aaf257f7c82d31840b5e905ffc3e81bafdf5a103cf4f011474b66d8cf66ed,"XRP Up or Down - January 4, 10PM ET",xrp-up-or-down-january-4-10pm-et,xrp-up-or-down-january-4-10pm-et,https://polymarket-upload.s3.us-east-2.amazonaws.com/XRP-logo.png,CRYINGLITTLEBABY,Brave-Crane,,,
1767584479,2026-01-05 03:41:19,TRADE,BUY,0x961afce6bd9aec79c5cf09d2d4dac2b434b23361,0xc54610041344c1e4a00bb3429af5a9873209182fd1218e1a938e9d62767dc128,107831660132333199370894474229198522849833528914375617999862920619011021738635,0,Up,1.93,1.2545,0.65,0x5b247e786885571a0fcad683afba1d088afefd37336cff532d31d17378e495fc,"XRP Up or Down - January 4, 10PM ET",xrp-up-or-down-january-4-10pm-et,xrp-up-or-down-january-4-10pm-et,https://polymarket-upload.s3.us-east-2.amazonaws.com/XRP-logo.png,CRYINGLITTLEBABY,Brave-Crane,,,
1767584449,2026-01-05 03:40:49,TRADE,BUY,0x961afce6bd9aec79c5cf09d2d4dac2b434b23361,0xc54610041344c1e4a00bb3429af5a9873209182fd1218e1a938e9d62767dc128,10411322499016272300893737282526792431050610777619108255497771341596326312386,1,Down,37.71,10.5588,0.28,0x50b81854b69ec87c00fb9ec5ce99c13cb37b1f7e928cd76a099a0ff6b7fcbebe,"XRP Up or Down - January 4, 10PM ET",xrp-up-or-down-january-4-10pm-et,xrp-up-or-down-january-4-10pm-et,https://polymarket-upload.s3.us-east-2.amazonaws.com/XRP-logo.png,CRYINGLITTLEBABY,Brave-Crane,,,
1767584437,2026-01-05 03:40:37,TRADE,BUY,0x961afce6bd9aec79c5cf09d2d4dac2b434b23361,0xc54610041344c1e4a00bb3429af5a9873209182fd1218e1a938e9d62767dc128,10411322499016272300893737282526792431050610777619108255497771341596326312386,1,Down,1.35135,0.351351,0.26,0xa733a96b0ac6372c4233dae344f92487b1fa0d56d1b81a1593c62769ae68dfa5,"XRP Up or Down - January 4, 10PM ET",xrp-up-or-down-january-4-10pm-et,xrp-up-or-down-january-4-10pm-et,https://polymarket-upload.s3.us-east-2.amazonaws.com/XRP-logo.png,CRYINGLITTLEBABY,Brave-Crane,,,
1767584355,2026-01-05 03:39:15,TRADE,BUY,0x961afce6bd9aec79c5cf09d2d4dac2b434b23361,0xc54610041344c1e4a00bb3429af5a9873209182fd1218e1a938e9d62767dc128,10411322499016272300893737282526792431050610777619108255497771341596326312386,1,Down,24,4.8,0.2,0x0acbf6792ddb652089b2d3c96e5c8fc920cabfc551740708604e2000830e1102,"XRP Up or Down - January 4, 10PM ET",xrp-up-or-down-january-4-10pm-et,xrp-up-or-down-january-4-10pm-et,https://polymarket-upload.s3.us-east-2.amazonaws.com/XRP-logo.png,CRYINGLITTLEBABY,Brave-Crane,,,
1767584353,2026-01-05 03:39:13,TRADE,BUY,0x961afce6bd9aec79c5cf09d2d4dac2b434b23361,0xc54610041344c1e4a00bb3429af5a9873209182fd1218e1a938e9d62767dc128,10411322499016272300893737282526792431050610777619108255497771341596326312386,1,Down,26,5.2,0.2,0x65847789134fcde987d0c447bea5e822289d8033f98894cc0a8bb90e29838345,"XRP Up or Down - January 4, 10PM ET",xrp-up-or-down-january-4-10pm-et,xrp-up-or-down-january-4-10pm-et,https://polymarket-upload.s3.us-east-2.amazonaws.com/XRP-logo.png,CRYINGLITTLEBABY,Brave-Crane,,,
1767584323,2026-01-05 03:38:43,TRADE,BUY,0x961afce6bd9aec79c5cf09d2d4dac2b434b23361,0xc54610041344c1e4a00bb3429af5a9873209182fd1218e1a938e9d62767dc128,10411322499016272300893737282526792431050610777619108255497771341596326312386,1,Down,37.97468,7.974683,0.21000000526666715,0xf9941f7000618c0751ffb6d64ca1c5bdd26df3270f19173da1cc2f3f7ca3ec61,"XRP Up or Down - January 4, 10PM ET",xrp-up-or-down-january-4-10pm-et,xrp-up-or-down-january-4-10pm-et,https://polymarket-upload.s3.us-east-2.amazonaws.com/XRP-logo.png,CRYINGLITTLEBABY,Brave-Crane,,,
1767584321,2026-01-05 03:38:41,TRADE,BUY,0x961afce6bd9aec79c5cf09d2d4dac2b434b23361,0xc54610041344c1e4a00bb3429af5a9873209182fd1218e1a938e9d62767dc128,10411322499016272300893737282526792431050610777619108255497771341596326312386,1,Down,5.06329,1.063291,0.21000001975000446,0x8690207cbe7df5acbc965c73377f1e339cce85e4792ad0d16270da7bfc71938a,"XRP Up or Down - January 4, 10PM ET",xrp-up-or-down-january-4-10pm-et,xrp-up-or-down-january-4-10pm-et,https://polymarket-upload.s3.us-east-2.amazonaws.com/XRP-logo.png,CRYINGLITTLEBABY,Brave-Crane,,,
1767584269,2026-01-05 03:37:49,TRADE,BUY,0x961afce6bd9aec79c5cf09d2d4dac2b434b23361,0xc54610041344c1e4a00bb3429af5a9873209182fd1218e1a938e9d62767dc128,10411322499016272300893737282526792431050610777619108255497771341596326312386,1,Down,3.75,0.75,0.2,0x914a12295dea2d5459189f2e5ffc469319f741423ed839132b28423f50aedb7e,"XRP Up or Down - January 4, 10PM ET",xrp-up-or-down-january-4-10pm-et,xrp-up-or-down-january-4-10pm-et,https://polymarket-upload.s3.us-east-2.amazonaws.com/XRP-logo.png,CRYINGLITTLEBABY,Brave-Crane,,,
1767584257,2026-01-05 03:37:37,TRADE,BUY,0x961afce6bd9aec79c5cf09d2d4dac2b434b23361,0xc54610041344c1e4a00bb3429af5a9873209182fd1218e1a938e9d62767dc128,10411322499016272300893737282526792431050610777619108255497771341596326312386,1,Down,29,5.51,0.19,0x8286fd96cc8148f5d3635de8731e40617c4a944fb95522299476f6ac58695502,"XRP Up or Down - January 4, 10PM ET",xrp-up-or-down-january-4-10pm-et,xrp-up-or-down-january-4-10pm-et,https://polymarket-upload.s3.us-east-2.amazonaws.com/XRP-logo.png,CRYINGLITTLEBABY,Brave-Crane,,,
1767584257,2026-01-05 03:37:37,TRADE,BUY,0x961afce6bd9aec79c5cf09d2d4dac2b434b23361,0xc54610041344c1e4a00bb3429af5a9873209182fd1218e1a938e9d62767dc128,10411322499016272300893737282526792431050610777619108255497771341596326312386,1,Down,29.29,5.2722,0.18,0xd5ae09bcd9f517992532d1350813ec0021acd78b8f4cc988c11c12b14f1a9276,"XRP Up or Down - January 4, 10PM ET",xrp-up-or-down-january-4-10pm-et,xrp-up-or-down-january-4-10pm-et,https://polymarket-upload.s3.us-east-2.amazonaws.com/XRP-logo.png,CRYINGLITTLEBABY,Brave-Crane,,,
1767584255,2026-01-05 03:37:35,TRADE,BUY,0x961afce6bd9aec79c5cf09d2d4dac2b434b23361,0xc54610041344c1e4a00bb3429af5a9873209182fd1218e1a938e9d62767dc128,10411322499016272300893737282526792431050610777619108255497771341596326312386,1,Down,23,4.37,0.19,0x47be428c9b4bedcf4f6915316492ef084e4e2e431f40ed2403ef5b33599076c4,"XRP Up or Down - January 4, 10PM ET",xrp-up-or-down-january-4-10pm-et,xrp-up-or-down-january-4-10pm-et,https://polymarket-upload.s3.us-east-2.amazonaws.com/XRP-logo.png,CRYINGLITTLEBABY,Brave-Crane,,,
1767584255,2026-01-05 03:37:35,TRADE,BUY,0x961afce6bd9aec79c5cf09d2d4dac2b434b23361,0xc54610041344c1e4a00bb3429af5a9873209182fd1218e1a938e9d62767dc128,10411322499016272300893737282526792431050610777619108255497771341596326312386,1,Down,23,4.37,0.19,0xebe08f39a148e534c1adbf31655addc8999aa4b00873a0eb0e2e8620e8c1e1e8,"XRP Up or Down - January 4, 10PM ET",xrp-up-or-down-january-4-10pm-et,xrp-up-or-down-january-4-10pm-et,https://polymarket-upload.s3.us-east-2.amazonaws.com/XRP-logo.png,CRYINGLITTLEBABY,Brave-Crane,,,
1767584255,2026-01-05 03:37:35,TRADE,BUY,0x961afce6bd9aec79c5cf09d2d4dac2b434b23361,0xc54610041344c1e4a00bb3429af5a9873209182fd1218e1a938e9d62767dc128,10411322499016272300893737282526792431050610777619108255497771341596326312386,1,Down,4,0.76,0.19,0x6136375bc9f1873e09e2749e8ce1315359224ad635c93dfb4fc2ee69775a5c18,"XRP Up or Down - January 4, 10PM ET",xrp-up-or-down-january-4-10pm-et,xrp-up-or-down-january-4-10pm-et,https://polymarket-upload.s3.us-east-2.amazonaws.com/XRP-logo.png,CRYINGLITTLEBABY,Brave-Crane,,,
1767584215,2026-01-05 03:36:55,TRADE,BUY,0x961afce6bd9aec79c5cf09d2d4dac2b434b23361,0xc54610041344c1e4a00bb3429af5a9873209182fd1218e1a938e9d62767dc128,10411322499016272300893737282526792431050610777619108255497771341596326312386,1,Down,11.060972,1.990975,0.1800000036163187,0x4ec012e0e01e711b728789fc49e9377c9a2b03a286f402f78f5b9287781d33d3,"XRP Up or Down - January 4, 10PM ET",xrp-up-or-down-january-4-10pm-et,xrp-up-or-down-january-4-10pm-et,https://polymarket-upload.s3.us-east-2.amazonaws.com/XRP-logo.png,CRYINGLITTLEBABY,Brave-Crane,,,
1767584213,2026-01-05 03:36:53,TRADE,BUY,0x961afce6bd9aec79c5cf09d2d4dac2b434b23361,0xc54610041344c1e4a00bb3429af5a9873209182fd1218e1a938e9d62767dc128,10411322499016272300893737282526792431050610777619108255497771341596326312386,1,Down,2.236338,0.402541,0.1800000715455356,0x23beb646cdb356b6df8d22b86d84dd63a5518a6a2c4dd35499e5f7b4fd7d1818,"XRP Up or Down - January 4, 10PM ET",xrp-up-or-down-january-4-10pm-et,xrp-up-or-down-january-4-10pm-et,https://polymarket-upload.s3.us-east-2.amazonaws.com/XRP-logo.png,CRYINGLITTLEBABY,Brave-Crane,,,
1767584195,2026-01-05 03:36:35,TRADE,BUY,0x961afce6bd9aec79c5cf09d2d4dac2b434b23361,0xc54610041344c1e4a00bb3429af5a9873209182fd1218e1a938e9d62767dc128,10411322499016272300893737282526792431050610777619108255497771341596326312386,1,Down,15,3.15,0.21,0x4f6bfb87d91193f433347f76a01114dba39806b7150d6090de2113b4a83f5b5f,"XRP Up or Down - January 4, 10PM ET",xrp-up-or-down-january-4-10pm-et,xrp-up-or-down-january-4-10pm-et,https://polymarket-upload.s3.us-east-2.amazonaws.com/XRP-logo.png,CRYINGLITTLEBABY,Brave-Crane,,,
1767584129,2026-01-05 03:35:29,TRADE,BUY,0x961afce6bd9aec79c5cf09d2d4dac2b434b23361,0xc54610041344c1e4a00bb3429af5a9873209182fd1218e1a938e9d62767dc128,10411322499016272300893737282526792431050610777619108255497771341596326312386,1,Down,25.03,5.2563,0.21,0xf95ece89e3fe672345084f431453c935816947c5ca1e1cd1bc125dc36cbdb60d,"XRP Up or Down - January 4, 10PM ET",xrp-up-or-down-january-4-10pm-et,xrp-up-or-down-january-4-10pm-et,https://polymarket-upload.s3.us-east-2.amazonaws.com/XRP-logo.png,CRYINGLITTLEBABY,Brave-Crane,,,
1767584103,2026-01-05 03:35:03,TRADE,BUY,0x961afce6bd9aec79c5cf09d2d4dac2b434b23361,0xc54610041344c1e4a00bb3429af5a9873209182fd1218e1a938e9d62767dc128,10411322499016272300893737282526792431050610777619108255497771341596326312386,1,Down,30.379742,6.379746,0.21000000592500095,0x1f80ae7889c46df5934145a70ea13a0a89f64d4c9a6625e3718bc9721c9aee48,"XRP Up or Down - January 4, 10PM ET",xrp-up-or-down-january-4-10pm-et,xrp-up-or-down-january-4-10pm-et,https://polymarket-upload.s3.us-east-2.amazonaws.com/XRP-logo.png,CRYINGLITTLEBABY,Brave-Crane,,,
1767584091,2026-01-05 03:34:51,TRADE,BUY,0x961afce6bd9aec79c5cf09d2d4dac2b434b23361,0xc54610041344c1e4a00bb3429af5a9873209182fd1218e1a938e9d62767dc128,10411322499016272300893737282526792431050610777619108255497771341596326312386,1,Down,27.160489,5.160493,0.19000000331363695,0x8345cabbcba834bdbfccaf383b1737c83ed533650b6d6ca797f1acaa74781a54,"XRP Up or Down - January 4, 10PM ET",xrp-up-or-down-january-4-10pm-et,xrp-up-or-down-january-4-10pm-et,https://polymarket-upload.s3.us-east-2.amazonaws.com/XRP-logo.png,CRYINGLITTLEBABY,Brave-Crane,,,
1767584091,2026-01-05 03:34:51,TRADE,BUY,0x961afce6bd9aec79c5cf09d2d4dac2b434b23361,0xc54610041344c1e4a00bb3429af5a9873209182fd1218e1a938e9d62767dc128,10411322499016272300893737282526792431050610777619108255497771341596326312386,1,Down,4.283947,0.81395,0.19000001634007144,0x0e71e7d10bc5a07567c77cea6b278efd3b87fc6baf7cb1a6db753399b5247d07,"XRP Up or Down - January 4, 10PM ET",xrp-up-or-down-january-4-10pm-et,xrp-up-or-down-january-4-10pm-et,https://polymarket-upload.s3.us-east-2.amazonaws.com/XRP-logo.png,CRYINGLITTLEBABY,Brave-Crane,,,
1767584057,2026-01-05 03:34:17,TRADE,BUY,0x961afce6bd9aec79c5cf09d2d4dac2b434b23361,0xc54610041344c1e4a00bb3429af5a9873209182fd1218e1a938e9d62767dc128,10411322499016272300893737282526792431050610777619108255497771341596326312386,1,Down,100,20,0.2,0x3b992a46d60fb681a6ee3af2d07b22d02c5333f0404e6eac3a0581dc58fa7078,"XRP Up or Down - January 4, 10PM ET",xrp-up-or-down-january-4-10pm-et,xrp-up-or-down-january-4-10pm-et,https://polymarket-upload.s3.us-east-2.amazonaws.com/XRP-logo.png,CRYINGLITTLEBABY,Brave-Crane,,,
1767584053,2026-01-05 03:34:13,TRADE,BUY,0x961afce6bd9aec79c5cf09d2d4dac2b434b23361,0xc54610041344c1e4a00bb3429af5a9873209182fd1218e1a938e9d62767dc128,10411322499016272300893737282526792431050610777619108255497771341596326312386,1,Down,50,10,0.2,0x526aa9d0caed978623a4666156344052b878eb2e7f28267f66ca87ab3b2a0b4c,"XRP Up or Down - January 4, 10PM ET",xrp-up-or-down-january-4-10pm-et,xrp-up-or-down-january-4-10pm-et,https://polymarket-upload.s3.us-east-2.amazonaws.com/XRP-logo.png,CRYINGLITTLEBABY,Brave-Crane,,,
1767584051,2026-01-05 03:34:11,TRADE,BUY,0x961afce6bd9aec79c5cf09d2d4dac2b434b23361,0xc54610041344c1e4a00bb3429af5a9873209182fd1218e1a938e9d62767dc128,10411322499016272300893737282526792431050610777619108255497771341596326312386,1,Down,35,7.35,0.21,0x69bca912bf1cd4a3f03cb835b1f35ba90ca405f020964f0c9e5b2b2ec9d18a0b,"XRP Up or Down - January 4, 10PM ET",xrp-up-or-down-january-4-10pm-et,xrp-up-or-down-january-4-10pm-et,https://polymarket-upload.s3.us-east-2.amazonaws.com/XRP-logo.png,CRYINGLITTLEBABY,Brave-Crane,,,
1767584049,2026-01-05 03:34:09,TRADE,BUY,0x961afce6bd9aec79c5cf09d2d4dac2b434b23361,0xc54610041344c1e4a00bb3429af5a9873209182fd1218e1a938e9d62767dc128,10411322499016272300893737282526792431050610777619108255497771341596326312386,1,Down,50,11,0.22,0xfe92dedf0ad6e2d7451c299dbe3aa1f1d6f232eab0b1b51bace2362fc41af8ce,"XRP Up or Down - January 4, 10PM ET",xrp-up-or-down-january-4-10pm-et,xrp-up-or-down-january-4-10pm-et,https://polymarket-upload.s3.us-east-2.amazonaws.com/XRP-logo.png,CRYINGLITTLEBABY,Brave-Crane,,,
1767584047,2026-01-05 03:34:07,TRADE,BUY,0x961afce6bd9aec79c5cf09d2d4dac2b434b23361,0xc54610041344c1e4a00bb3429af5a9873209182fd1218e1a938e9d62767dc128,10411322499016272300893737282526792431050610777619108255497771341596326312386,1,Down,35,8.05,0.23,0x8a78ccc8ba82c3f9eb00be7d89bd6a91a2319c69bedf81852c57d2a6550b2923,"XRP Up or Down - January 4, 10PM ET",xrp-up-or-down-january-4-10pm-et,xrp-up-or-down-january-4-10pm-et,https://polymarket-upload.s3.us-east-2.amazonaws.com/XRP-logo.png,CRYINGLITTLEBABY,Brave-Crane,,,
1767584041,2026-01-05 03:34:01,TRADE,BUY,0x961afce6bd9aec79c5cf09d2d4dac2b434b23361,0xc54610041344c1e4a00bb3429af5a9873209182fd1218e1a938e9d62767dc128,10411322499016272300893737282526792431050610777619108255497771341596326312386,1,Down,50,12,0.24,0xb3ea55c854fe65a28061e0f83ae6dfbcdea90fc2fcde261c50917d969aa6fb9b,"XRP Up or Down - January 4, 10PM ET",xrp-up-or-down-january-4-10pm-et,xrp-up-or-down-january-4-10pm-et,https://polymarket-upload.s3.us-east-2.amazonaws.com/XRP-logo.png,CRYINGLITTLEBABY,Brave-Crane,,,
1767584041,2026-01-05 03:34:01,TRADE,BUY,0x961afce6bd9aec79c5cf09d2d4dac2b434b23361,0xc54610041344c1e4a00bb3429af5a9873209182fd1218e1a938e9d62767dc128,10411322499016272300893737282526792431050610777619108255497771341596326312386,1,Down,26,7.02,0.27,0xf7523b910cfebf528aec2900768f075793aa42c98e96100b3e294e5da982bb2b,"XRP Up or Down - January 4, 10PM ET",xrp-up-or-down-january-4-10pm-et,xrp-up-or-down-january-4-10pm-et,https://polymarket-upload.s3.us-east-2.amazonaws.com/XRP-logo.png,CRYINGLITTLEBABY,Brave-Crane,,,
1767584039,2026-01-05 03:33:59,TRADE,BUY,0x961afce6bd9aec79c5cf09d2d4dac2b434b23361,0xc54610041344c1e4a00bb3429af5a9873209182fd1218e1a938e9d62767dc128,10411322499016272300893737282526792431050610777619108255497771341596326312386,1,Down,43,11.18,0.26,0x49ac50ebb605e273a83c5525785bb11c4bccafd976131f050246783d04600b28,"XRP Up or Down - January 4, 10PM ET",xrp-up-or-down-january-4-10pm-et,xrp-up-or-down-january-4-10pm-et,https://polymarket-upload.s3.us-east-2.amazonaws.com/XRP-logo.png,CRYINGLITTLEBABY,Brave-Crane,,,
1767584039,2026-01-05 03:33:59,TRADE,BUY,0x961afce6bd9aec79c5cf09d2d4dac2b434b23361,0xc54610041344c1e4a00bb3429af5a9873209182fd1218e1a938e9d62767dc128,10411322499016272300893737282526792431050610777619108255497771341596326312386,1,Down,7,1.82,0.26,0xbc9b9424f025b496a5eb2ab0bb21bb449837d4bef7af4f47c8f572e99c71e77b,"XRP Up or Down - January 4, 10PM ET",xrp-up-or-down-january-4-10pm-et,xrp-up-or-down-january-4-10pm-et,https://polymarket-upload.s3.us-east-2.amazonaws.com/XRP-logo.png,CRYINGLITTLEBABY,Brave-Crane,,,
1767584039,2026-01-05 03:33:59,TRADE,BUY,0x961afce6bd9aec79c5cf09d2d4dac2b434b23361,0xc54610041344c1e4a00bb3429af5a9873209182fd1218e1a938e9d62767dc128,10411322499016272300893737282526792431050610777619108255497771341596326312386,1,Down,100,26,0.26,0x3324475d6b6561cb66324f990e1f8e2bd884eca1d7cd28b325ab6d481529253e,"XRP Up or Down - January 4, 10PM ET",xrp-up-or-down-january-4-10pm-et,xrp-up-or-down-january-4-10pm-et,https://polymarket-upload.s3.us-east-2.amazonaws.com/XRP-logo.png,CRYINGLITTLEBABY,Brave-Crane,,,
1767583989,2026-01-05 03:33:09,TRADE,BUY,0x961afce6bd9aec79c5cf09d2d4dac2b434b23361,0xc54610041344c1e4a00bb3429af5a9873209182fd1218e1a938e9d62767dc128,107831660132333199370894474229198522849833528914375617999862920619011021738635,0,Up,1,0.58,0.58,0xfe3954545cc2deb3c9e5dc123323290f36d0310a36f71ed02a982d44dd42d484,"XRP Up or Down - January 4, 10PM ET",xrp-up-or-down-january-4-10pm-et,xrp-up-or-down-january-4-10pm-et,https://polymarket-upload.s3.us-east-2.amazonaws.com/XRP-logo.png,CRYINGLITTLEBABY,Brave-Crane,,,
1767583981,2026-01-05 03:33:01,TRADE,BUY,0x961afce6bd9aec79c5cf09d2d4dac2b434b23361,0xc54610041344c1e4a00bb3429af5a9873209182fd1218e1a938e9d62767dc128,10411322499016272300893737282526792431050610777619108255497771341596326312386,1,Down,5.318179,1.808181,0.34000002632480025,0xb52303fc4e5fa66dde0f5285780b9e0188a0fdcb58526e4ab08cf5634e8fcff1,"XRP Up or Down - January 4, 10PM ET",xrp-up-or-down-january-4-10pm-et,xrp-up-or-down-january-4-10pm-et,https://polymarket-upload.s3.us-east-2.amazonaws.com/XRP-logo.png,CRYINGLITTLEBABY,Brave-Crane,,,
1767583979,2026-01-05 03:32:59,TRADE,BUY,0x961afce6bd9aec79c5cf09d2d4dac2b434b23361,0xc54610041344c1e4a00bb3429af5a9873209182fd1218e1a938e9d62767dc128,10411322499016272300893737282526792431050610777619108255497771341596326312386,1,Down,1.969228,0.68923,0.35000010156264283,0x84f4cf7b2a75fc0e797dac9eaa8adfb83bc6351809839a764211794d3e4a9411,"XRP Up or Down - January 4, 10PM ET",xrp-up-or-down-january-4-10pm-et,xrp-up-or-down-january-4-10pm-et,https://polymarket-upload.s3.us-east-2.amazonaws.com/XRP-logo.png,CRYINGLITTLEBABY,Brave-Crane,,,
1767583977,2026-01-05 03:32:57,TRADE,BUY,0x961afce6bd9aec79c5cf09d2d4dac2b434b23361,0xc54610041344c1e4a00bb3429af5a9873209182fd1218e1a938e9d62767dc128,10411322499016272300893737282526792431050610777619108255497771341596326312386,1,Down,6,2.1,0.35,0xdac2806fe2d5787d76a8ae787b3e6930e2975fd0d07e19731c3a468283d172ef,"XRP Up or Down - January 4, 10PM ET",xrp-up-or-down-january-4-10pm-et,xrp-up-or-down-january-4-10pm-et,https://polymarket-upload.s3.us-east-2.amazonaws.com/XRP-logo.png,CRYINGLITTLEBABY,Brave-Crane,,,
1767583971,2026-01-05 03:32:51,TRADE,BUY,0x961afce6bd9aec79c5cf09d2d4dac2b434b23361,0xc54610041344c1e4a00bb3429af5a9873209182fd1218e1a938e9d62767dc128,10411322499016272300893737282526792431050610777619108255497771341596326312386,1,Down,30,10.5,0.35,0xa6f365142d3e187971d79a668c16d4afe9a36b4dcfdb20e443801dc8880ca33e,"XRP Up or Down - January 4, 10PM ET",xrp-up-or-down-january-4-10pm-et,xrp-up-or-down-january-4-10pm-et,https://polymarket-upload.s3.us-east-2.amazonaws.com/XRP-logo.png,CRYINGLITTLEBABY,Brave-Crane,,,
1767583969,2026-01-05 03:32:49,TRADE,BUY,0x961afce6bd9aec79c5cf09d2d4dac2b434b23361,0xc54610041344c1e4a00bb3429af5a9873209182fd1218e1a938e9d62767dc128,10411322499016272300893737282526792431050610777619108255497771341596326312386,1,Down,30.952378,11.45238,0.37000000452307735,0xc6411365450fc1a645b5d5105670196756383bdb2a15f191778c87439289a96b,"XRP Up or Down - January 4, 10PM ET",xrp-up-or-down-january-4-10pm-et,xrp-up-or-down-january-4-10pm-et,https://polymarket-upload.s3.us-east-2.amazonaws.com/XRP-logo.png,CRYINGLITTLEBABY,Brave-Crane,,,
